epoch,loss,recall@20,ndcg@20
1,0.472641633107112,0.1,0.05
2,0.44916696961109454,0.1,0.05
3,0.4380494149831625,0.1,0.05
4,0.4388223657241234,0.1,0.05
5,0.42924354855830854,0.1,0.05
6,0.4166317834303929,0.1,0.05
7,0.40811931169950044,0.1,0.05
8,0.3979339599609375,0.1,0.05
9,0.3867371724202083,0.1,0.05
10,0.37926414150458115,0.1,0.05
11,0.369103899368873,0.1,0.05
12,0.3513080684038309,0.1,0.05
13,0.33914370032457203,0.1,0.05
14,0.33050206303596497,0.1,0.05
15,0.32191176139391386,0.1,0.05
