Recall@K,NDCG@K,K
0.14536048064085447,0.045992843673601534,20
