Recall@K,NDCG@K,K
0.1764018691588785,0.05855977191779671,20
