epoch,loss,recall@20,ndcg@20
1,1.3184413451414843,0.1,0.05
2,1.3135526095117842,0.1,0.05
3,1.3105270607130868,0.1,0.05
4,1.3094991190092904,0.1,0.05
5,1.3090951868465968,0.1,0.05
6,1.3070479461124964,0.1,0.05
7,1.3062893407685416,0.1,0.05
8,1.3068346892084395,0.1,0.05
9,1.3057461806706019,0.1,0.05
10,1.3052868763605754,0.1,0.05
11,1.3048871278762817,0.1,0.05
12,1.3041799863179524,0.1,0.05
13,1.304452617963155,0.1,0.05
14,1.3037266254425048,0.1,0.05
15,1.3041814645131429,0.1,0.05
