Recall@K,NDCG@K,K
0.23781708945260346,0.08451308204728582,20
