Recall@K,NDCG@K,K
0.20143524699599466,0.06910567512110843,20
