epoch,loss,recall@20,ndcg@20
1,0.6938200409595783,0.1,0.05
2,0.6933085047281705,0.1,0.05
3,0.690472254386315,0.1,0.05
4,0.680064109655527,0.1,0.05
5,0.6559111796892606,0.1,0.05
6,0.6170187363257775,0.1,0.05
7,0.5713523534628061,0.1,0.05
8,0.5276371744962839,0.1,0.05
9,0.4943075386377481,0.1,0.05
10,0.4701499526317303,0.1,0.05
11,0.45406345220712513,0.1,0.05
12,0.4426663082379561,0.1,0.05
13,0.4340357459508456,0.1,0.05
14,0.4328135297848628,0.1,0.05
15,0.42511911346362186,0.1,0.05
