epoch,loss,recall@20,ndcg@20
1,0.48646153853489804,0.1,0.05
2,0.44753390092116135,0.1,0.05
3,0.4469135243159074,0.1,0.05
4,0.4288220703601837,0.1,0.05
5,0.4187708863845238,0.1,0.05
6,0.42543127215825594,0.1,0.05
7,0.40884749247477603,0.1,0.05
8,0.3987158995408278,0.1,0.05
9,0.39510231293164766,0.1,0.05
10,0.38721723739917463,0.1,0.05
11,0.3774514840199397,0.1,0.05
12,0.35636112552422744,0.1,0.05
13,0.34441206088432896,0.1,0.05
14,0.3361152181258568,0.1,0.05
15,0.3212917217841515,0.1,0.05
