epoch,loss,recall@20,ndcg@20
1,0.6938181336109455,0.1,0.05
2,0.693349323102406,0.1,0.05
3,0.6901765848909106,0.1,0.05
4,0.6772362419537136,0.1,0.05
5,0.647801433290754,0.1,0.05
6,0.6029291152954102,0.1,0.05
7,0.5540496749537331,0.1,0.05
8,0.5117256896836417,0.1,0.05
9,0.4782297228063856,0.1,0.05
10,0.4570795178413391,0.1,0.05
11,0.4455010155836741,0.1,0.05
12,0.4389399369557699,0.1,0.05
13,0.428431632121404,0.1,0.05
14,0.4281423727671305,0.1,0.05
15,0.42629600564638775,0.1,0.05
