Noise_Pattern,Baseline_Recall_Drop,Solution_Recall_Drop,Recall_Improvement,Baseline_NDCG_Drop,Solution_NDCG_Drop,NDCG_Improvement
DYN,0.14344600164880483,0.12860676009892819,0.014839241549876647,0.1502881517583935,0.1509317852459353,-0.000643633487541817
BURST,-0.021434460016487893,-0.00989282769991768,-0.011541632316570214,-0.003635413748180294,0.0008921717182115933,-0.0045275854663918876
SHIFT,-0.17477328936521,-0.1319043693322342,-0.042868920032975794,-0.22536972647335757,-0.1657882871690529,-0.05958143930430468
