experiment,Recall@20,NDCG@20
static_base,0.2024365821094793,0.0689694548685452
static_sol,0.2014352469959946,0.0691056751211084
dyn_base,0.1733978638184245,0.0586041629685676
dyn_sol,0.1764018691588785,0.0585597719177967
burst_base,0.2067757009345794,0.0692201873729788
burst_sol,0.2044392523364486,0.068907922271491
shift_base,0.2378170894526034,0.0845130820472858
shift_sol,0.2291388518024032,0.0804037826581846
