Metric,Baseline Robustness Drop,Solution Robustness Drop
Recall@20,0.14344600164880483,0.12860676009892819
NDCG@20,0.1502881517583935,0.1509317852459353
