epoch,loss,recall@20,ndcg@20
1,1.3182331873820379,0.1,0.05
2,1.3130174966958852,0.1,0.05
3,1.3109375696915846,0.1,0.05
4,1.3089554126446064,0.1,0.05
5,1.3082438799051137,0.1,0.05
6,1.3073918636028583,0.1,0.05
7,1.3066781850961537,0.1,0.05
8,1.3057564955491285,0.1,0.05
9,1.3052255190335786,0.1,0.05
10,1.3051319489112267,0.1,0.05
11,1.3043429484734168,0.1,0.05
12,1.305029639830956,0.1,0.05
13,1.3044517590449407,0.1,0.05
14,1.3047098013070912,0.1,0.05
15,1.3041107471172626,0.1,0.05
