Recall@K,NDCG@K,K
0.17339786381842456,0.05860416296856761,20
