epoch,loss,recall@20,ndcg@20
1,0.6938092983686007,0.1,0.05
2,0.6933434101251456,0.1,0.05
3,0.6904000043869019,0.1,0.05
4,0.6789709008657016,0.1,0.05
5,0.6541167956132156,0.1,0.05
6,0.6154650220504174,0.1,0.05
7,0.5701401508771456,0.1,0.05
8,0.5249881515136132,0.1,0.05
9,0.49052926439505357,0.1,0.05
10,0.4651709794998169,0.1,0.05
11,0.45571983319062453,0.1,0.05
12,0.44099144293711734,0.1,0.05
13,0.4306561488371629,0.1,0.05
14,0.42827354486172015,0.1,0.05
15,0.4300133975652548,0.1,0.05
