epoch,loss,recall@20,ndcg@20
1,1.3189107913237352,0.1,0.05
2,1.3131318092346191,0.1,0.05
3,1.3111857601574488,0.1,0.05
4,1.3097034522465296,0.1,0.05
5,1.3078090037618364,0.1,0.05
6,1.3070160150527954,0.1,0.05
7,1.306695512362889,0.1,0.05
8,1.3059620346341814,0.1,0.05
9,1.3054897614887782,0.1,0.05
10,1.3052590052286783,0.1,0.05
11,1.3048884709676107,0.1,0.05
12,1.3044136047363282,0.1,0.05
13,1.304668935139974,0.1,0.05
14,1.3040652990341186,0.1,0.05
15,1.3039408524831135,0.1,0.05
