Recall@K,NDCG@K,K
0.2291388518024032,0.08040378265818468,20
