epoch,loss,recall@20,ndcg@20
1,0.6938199767699609,0.1,0.05
2,0.6933293087141854,0.1,0.05
3,0.6900037271635873,0.1,0.05
4,0.6767833914075579,0.1,0.05
5,0.6464769840240479,0.1,0.05
6,0.6010900608130864,0.1,0.05
7,0.551647105387279,0.1,0.05
8,0.5081535237176078,0.1,0.05
9,0.477993796978678,0.1,0.05
10,0.45534928838411964,0.1,0.05
11,0.44382691582043965,0.1,0.05
12,0.4343186875184377,0.1,0.05
13,0.431909575064977,0.1,0.05
14,0.426036012172699,0.1,0.05
15,0.4228183249632517,0.1,0.05
