Recall@K,NDCG@K,K
0.20243658210947932,0.06896945486854521,20
