epoch,loss,recall@20,ndcg@20
1,0.6938152038134061,0.1,0.05
2,0.6933248134759756,0.1,0.05
3,0.6902905014845041,0.1,0.05
4,0.678963147676908,0.1,0.05
5,0.652974587220412,0.1,0.05
6,0.6140285226014944,0.1,0.05
7,0.5684416981843802,0.1,0.05
8,0.5256370947911189,0.1,0.05
9,0.49285406791246855,0.1,0.05
10,0.46763331156510574,0.1,0.05
11,0.4500528551065005,0.1,0.05
12,0.43946441549521226,0.1,0.05
13,0.43293535021635204,0.1,0.05
14,0.42831577016757083,0.1,0.05
15,0.424779841533074,0.1,0.05
