Recall@K,NDCG@K,K
0.20677570093457945,0.0692201873729788,20
