epoch,loss,recall@20,ndcg@20
1,0.6938117559139545,0.1,0.05
2,0.6932333707809448,0.1,0.05
3,0.6890985752855029,0.1,0.05
4,0.6738073953560421,0.1,0.05
5,0.6411908481802259,0.1,0.05
6,0.5939445623329708,0.1,0.05
7,0.5466801396438054,0.1,0.05
8,0.5070953177554267,0.1,0.05
9,0.4771741564784731,0.1,0.05
10,0.4550646205743154,0.1,0.05
11,0.44752795696258546,0.1,0.05
12,0.4364968995253245,0.1,0.05
13,0.4309193750222524,0.1,0.05
14,0.42630232373873395,0.1,0.05
15,0.4222996950149536,0.1,0.05
