epoch,loss,recall@20,ndcg@20
1,0.6938267350196838,0.1,0.05
2,0.6934185532423166,0.1,0.05
3,0.6906918149728042,0.1,0.05
4,0.6797966452745291,0.1,0.05
5,0.6550910427020147,0.1,0.05
6,0.6163533650911771,0.1,0.05
7,0.5710695385932922,0.1,0.05
8,0.5277739946658795,0.1,0.05
9,0.4927480129095224,0.1,0.05
10,0.4725804947889768,0.1,0.05
11,0.4513100477365347,0.1,0.05
12,0.4398362384392665,0.1,0.05
13,0.43040674924850464,0.1,0.05
14,0.4293970786608182,0.1,0.05
15,0.42586549199544466,0.1,0.05
