Recall@K,NDCG@K,K
0.2044392523364486,0.068907922271491,20
