epoch,loss,recall@20,ndcg@20
1,0.4905610909828773,0.1,0.05
2,0.44884219552789417,0.1,0.05
3,0.44215729406901766,0.1,0.05
4,0.4293672080550875,0.1,0.05
5,0.4240958605493818,0.1,0.05
6,0.4195774665900639,0.1,0.05
7,0.4088157096079418,0.1,0.05
8,0.40617677782263073,0.1,0.05
9,0.40143496862479616,0.1,0.05
10,0.39846176306406655,0.1,0.05
11,0.3858121931552887,0.1,0.05
12,0.37390592495600383,0.1,0.05
13,0.35755586822827656,0.1,0.05
14,0.3512521823247274,0.1,0.05
15,0.3362256228923798,0.1,0.05
