epoch,loss,recall@20,ndcg@20
1,0.47725454660562366,0.1,0.05
2,0.4521834318126951,0.1,0.05
3,0.44663124425070627,0.1,0.05
4,0.4413628705910274,0.1,0.05
5,0.4268099878515516,0.1,0.05
6,0.41613897894109997,0.1,0.05
7,0.41521199899060385,0.1,0.05
8,0.40458977009568897,0.1,0.05
9,0.4027451659951891,0.1,0.05
10,0.39171224435170493,0.1,0.05
11,0.3872208118438721,0.1,0.05
12,0.374581112464269,0.1,0.05
13,0.3701653957366943,0.1,0.05
14,0.3570648908615112,0.1,0.05
15,0.3402205049991608,0.1,0.05
