epoch,loss,recall@20,ndcg@20
1,0.693820270208212,0.1,0.05
2,0.6933510644095284,0.1,0.05
3,0.689810825245721,0.1,0.05
4,0.6759160799639565,0.1,0.05
5,0.6442972591945103,0.1,0.05
6,0.5973478513104575,0.1,0.05
7,0.5484408991677421,0.1,0.05
8,0.5074612775019237,0.1,0.05
9,0.4777816959789821,0.1,0.05
10,0.45743507941563927,0.1,0.05
11,0.4433936615784963,0.1,0.05
12,0.4318768580754598,0.1,0.05
13,0.42880276838938397,0.1,0.05
14,0.42048181891441344,0.1,0.05
15,0.42739508946736654,0.1,0.05
