epoch,loss,recall@20,ndcg@20
1,1.317872166633606,0.1,0.05
2,1.3131225567597609,0.1,0.05
3,1.310655951499939,0.1,0.05
4,1.3092658794843233,0.1,0.05
5,1.3084036386930025,0.1,0.05
6,1.3068586312807524,0.1,0.05
7,1.3061347466248732,0.1,0.05
8,1.3057629053409283,0.1,0.05
9,1.3053330183029175,0.1,0.05
10,1.3051246771445641,0.1,0.05
11,1.3055554353273833,0.1,0.05
12,1.304812999872061,0.1,0.05
13,1.3041594211871808,0.1,0.05
14,1.3046904985721295,0.1,0.05
15,1.3038333654403687,0.1,0.05
